"occupation_name";"country";"state";"count";"hispanic_or_latino_n";"white_n";"black_n";"asian_n";"pacific_islander_n";"american_or_alaskan_native_n";"other_or_multiple_n";"less_than_30yrs_n";"30_to_39_yrs_n";"40_to_49_yrs_n";"50_to_59_yrs_n";"60_or_older_n";"male_n";"female_n";"hispanic_or_latino_percentage";"white_percentage";"black_percentage";"asian_percentage";"pacific Islander_percentage";"american_or_alaskan_native_percentage";"other_or_multiple_percentage";"less_than_30yrs_percentage";"30_to_39_yrs_percentage";"40_to_49_yrs_percentage";"50_to_59_yrs_percentage";"60_or_older_percentage";"male_percentage";"female_percentage"
"Advanced Practice Registered Nurses (excl. Clinical Nurse Specialists)";"United States";"Alabama";5364;0;4739;455;0;0;0;0;0;1847;1809;846;459;898;4466;0.0;88.348;8.482;0.0;0.0;0.0;0.0;0.0;34.433;33.725;15.772;8.557;16.741;83.259
"Advanced Practice Registered Nurses (excl. Clinical Nurse Specialists)";"United States";"Alaska";756;0;0;0;0;0;0;0;0;0;0;0;0;0;750;0.0;0.0;0.0;0.0;0.0;0.0;0.0;0.0;0.0;0.0;0.0;0.0;0.0;99.206
"Advanced Practice Registered Nurses (excl. Clinical Nurse Specialists)";"United States";"Arizona";4960;580;3549;314;219;0;0;0;0;1239;1592;1026;1027;903;4057;11.694;71.552;6.331;4.415;0.0;0.0;0.0;0.0;24.98;32.097;20.685;20.706;18.206;81.794
"Advanced Practice Registered Nurses (excl. Clinical Nurse Specialists)";"United States";"Arkansas";2571;0;2202;0;0;0;0;0;0;843;844;549;0;357;2214;0.0;85.648;0.0;0.0;0.0;0.0;0.0;0.0;32.789;32.828;21.354;0.0;13.886;86.114
"Advanced Practice Registered Nurses (excl. Clinical Nurse Specialists)";"United States";"California";17615;2022;8923;1047;4635;0;0;926;863;5623;4667;3450;3012;2894;14721;11.479;50.656;5.944;26.313;0.0;0.0;5.257;4.899;31.922;26.494;19.586;17.099;16.429;83.571
"Advanced Practice Registered Nurses (excl. Clinical Nurse Specialists)";"United States";"Colorado";4703;0;4130;0;0;0;0;0;0;1605;1155;1158;662;626;4077;0.0;87.816;0.0;0.0;0.0;0.0;0.0;0.0;34.127;24.559;24.623;14.076;13.311;86.689
"Advanced Practice Registered Nurses (excl. Clinical Nurse Specialists)";"United States";"Florida";16986;3602;10481;1386;1096;0;0;421;1118;5224;4516;3587;2541;3427;13559;21.206;61.704;8.16;6.452;0.0;0.0;2.479;6.582;30.755;26.587;21.117;14.959;20.175;79.825
"Advanced Practice Registered Nurses (excl. Clinical Nurse Specialists)";"United States";"Georgia";8672;0;6304;1543;0;0;0;0;582;2877;3029;1600;584;1632;7040;0.0;72.694;17.793;0.0;0.0;0.0;0.0;6.711;33.176;34.929;18.45;6.734;18.819;81.181
"Advanced Practice Registered Nurses (excl. Clinical Nurse Specialists)";"United States";"Louisiana";4103;0;3401;572;0;0;0;0;0;1738;1251;648;310;1046;3057;0.0;82.891;13.941;0.0;0.0;0.0;0.0;0.0;42.359;30.49;15.793;7.555;25.494;74.506
"Advanced Practice Registered Nurses (excl. Clinical Nurse Specialists)";"United States";"Massachusetts";8726;463;7118;546;349;0;0;0;935;3135;1973;1437;1246;738;7988;5.306;81.572;6.257;4.0;0.0;0.0;0.0;10.715;35.927;22.611;16.468;14.279;8.457;91.543
"Advanced Practice Registered Nurses (excl. Clinical Nurse Specialists)";"United States";"New Jersey";4727;0;3097;519;545;0;0;0;0;1500;1059;1016;869;707;4020;0.0;65.517;10.979;11.53;0.0;0.0;0.0;0.0;31.733;22.403;21.494;18.384;14.957;85.043
"Advanced Practice Registered Nurses (excl. Clinical Nurse Specialists)";"United States";"New York";16307;1081;11404;1343;1982;0;0;491;1060;4822;3825;3586;3014;2182;14125;6.629;69.933;8.236;12.154;0.0;0.0;3.011;6.5;29.57;23.456;21.991;18.483;13.381;86.619
"Advanced Practice Registered Nurses (excl. Clinical Nurse Specialists)";"United States";"North Carolina";9554;0;7750;984;631;0;0;0;0;3501;2604;1856;942;1381;8173;0.0;81.118;10.299;6.605;0.0;0.0;0.0;0.0;36.644;27.256;19.426;9.86;14.455;85.545
"Advanced Practice Registered Nurses (excl. Clinical Nurse Specialists)";"United States";"Ohio";13755;0;11856;1045;0;0;0;0;788;5711;4048;1941;1267;1927;11828;0.0;86.194;7.597;0.0;0.0;0.0;0.0;5.729;41.519;29.429;14.111;9.211;14.009;85.991
"Advanced Practice Registered Nurses (excl. Clinical Nurse Specialists)";"United States";"Pennsylvania";12980;0;11271;576;660;0;0;0;822;4343;3263;2335;2217;2085;10895;0.0;86.834;4.438;5.085;0.0;0.0;0.0;6.333;33.459;25.139;17.989;17.08;16.063;83.937
"Advanced Practice Registered Nurses (excl. Clinical Nurse Specialists)";"United States";"Tennessee";9999;0;8807;715;0;0;0;0;708;4210;2124;1990;967;1561;8438;0.0;88.079;7.151;0.0;0.0;0.0;0.0;7.081;42.104;21.242;19.902;9.671;15.612;84.388
"Advanced Practice Registered Nurses (excl. Clinical Nurse Specialists)";"United States";"Texas";20917;3522;12170;2878;1787;0;0;0;1207;7771;6539;3403;1997;4769;16148;16.838;58.182;13.759;8.543;0.0;0.0;0.0;5.77;37.152;31.262;16.269;9.547;22.8;77.2
"Advanced Practice Registered Nurses (excl. Clinical Nurse Specialists)";"United States";"Virginia";7765;0;6151;790;401;0;0;0;0;2401;2454;1601;1027;832;6933;0.0;79.214;10.174;5.164;0.0;0.0;0.0;0.0;30.921;31.603;20.618;13.226;10.715;89.285
"Advanced Practice Registered Nurses (excl. Clinical Nurse Specialists)";"United States";"All States";270655;16500;209856;19406;17083;0;586;7079;15213;93492;74561;50947;36442;42429;228226;6.096;77.536;7.17;6.312;0.0;0.217;2.616;5.621;34.543;27.548;18.824;13.464;15.676;84.324
"Counselors";"United States";"Arkansas";2797;0;1715;893;0;0;0;0;520;853;687;293;444;766;2031;0.0;61.316;31.927;0.0;0.0;0.0;0.0;18.591;30.497;24.562;10.476;15.874;27.386;72.614
"Counselors";"United States";"California";54311;17705;24292;4801;4895;0;0;2109;13736;14194;9690;8057;8634;15701;38610;32.599;44.728;8.84;9.013;0.0;0.0;3.883;25.291;26.135;17.842;14.835;15.897;28.909;71.091
"Counselors";"United States";"Colorado";7776;776;6161;198;0;0;0;414;1597;2131;1559;1174;1315;1528;6248;9.979;79.231;2.546;0.0;0.0;0.0;5.324;20.538;27.405;20.049;15.098;16.911;19.65;80.35
"Counselors";"United States";"Connecticut";4784;342;3328;761;0;0;0;0;1006;1244;901;967;666;1140;3644;7.149;69.565;15.907;0.0;0.0;0.0;0.0;21.028;26.003;18.834;20.213;13.921;23.829;76.171
"Counselors";"United States";"Florida";23400;6348;11308;4891;388;0;0;453;4694;5975;5254;3693;3784;6306;17094;27.128;48.325;20.902;1.658;0.0;0.0;1.936;20.06;25.534;22.453;15.782;16.171;26.949;73.051
"Counselors";"United States";"Georgia";10391;0;4640;4880;0;0;0;368;1525;3398;2512;1788;1168;2078;8313;0.0;44.654;46.964;0.0;0.0;0.0;3.542;14.676;32.701;24.175;17.207;11.24;19.998;80.002
"Counselors";"United States";"Illinois";15654;1995;9359;3493;433;0;0;0;3966;3629;3090;2527;2442;4537;11117;12.744;59.787;22.314;2.766;0.0;0.0;0.0;25.335;23.183;19.739;16.143;15.6;28.983;71.017
"Counselors";"United States";"Indiana";7163;0;5528;1268;0;0;0;0;2002;1588;1465;871;1237;1579;5584;0.0;77.174;17.702;0.0;0.0;0.0;0.0;27.949;22.169;20.452;12.16;17.269;22.044;77.956
"Counselors";"United States";"Kentucky";5054;0;4300;478;0;0;0;0;936;1315;1483;883;437;1452;3602;0.0;85.081;9.458;0.0;0.0;0.0;0.0;18.52;26.019;29.343;17.471;8.647;28.73;71.27
"Counselors";"United States";"Louisiana";7323;0;2924;3967;0;0;0;0;2018;1802;1438;1040;1025;1495;5828;0.0;39.929;54.172;0.0;0.0;0.0;0.0;27.557;24.607;19.637;14.202;13.997;20.415;79.585
"Counselors";"United States";"Maryland";8246;567;4137;3147;0;0;0;0;2408;2123;1260;1469;986;1847;6399;6.876;50.17;38.164;0.0;0.0;0.0;0.0;29.202;25.746;15.28;17.815;11.957;22.399;77.601
"Counselors";"United States";"Massachusetts";16541;1583;10481;3474;595;0;0;408;4526;4095;2738;2608;2574;5131;11410;9.57;63.364;21.002;3.597;0.0;0.0;2.467;27.362;24.757;16.553;15.767;15.561;31.02;68.98
"Counselors";"United States";"Michigan";8836;0;6164;1678;0;0;0;0;1645;2228;2019;1400;1544;2183;6653;0.0;69.76;18.99;0.0;0.0;0.0;0.0;18.617;25.215;22.85;15.844;17.474;24.706;75.294
"Counselors";"United States";"Minnesota";10622;327;9170;536;0;0;0;0;2524;3215;2174;1492;1217;2974;7648;3.079;86.33;5.046;0.0;0.0;0.0;0.0;23.762;30.267;20.467;14.046;11.457;27.998;72.002
"Counselors";"United States";"Missouri";7006;0;5195;1163;0;0;0;0;1250;1563;1564;1250;1379;2453;4553;0.0;74.151;16.6;0.0;0.0;0.0;0.0;17.842;22.309;22.324;17.842;19.683;35.013;64.987
"Counselors";"United States";"New Jersey";10666;1242;6016;2855;415;0;0;0;2563;3375;1310;1637;1781;2617;8049;11.644;56.404;26.767;3.891;0.0;0.0;0.0;24.03;31.643;12.282;15.348;16.698;24.536;75.464
"Counselors";"United States";"New York";30092;5146;16118;6877;1007;0;0;906;8210;7133;4719;4803;5227;9247;20845;17.101;53.562;22.853;3.346;0.0;0.0;3.011;27.283;23.704;15.682;15.961;17.37;30.729;69.271
"Counselors";"United States";"North Carolina";10987;0;6836;3265;0;0;0;278;1834;3105;2136;2328;1584;2175;8812;0.0;62.219;29.717;0.0;0.0;0.0;2.53;16.692;28.261;19.441;21.189;14.417;19.796;80.204
"Counselors";"United States";"Ohio";15448;316;11704;2871;0;0;0;0;3613;3616;2842;2655;2722;3879;11569;2.046;75.764;18.585;0.0;0.0;0.0;0.0;23.388;23.408;18.397;17.187;17.62;25.11;74.89
"Counselors";"United States";"Pennsylvania";25027;1423;16703;5664;521;0;0;701;5717;7342;5192;3452;3324;7090;17937;5.686;66.74;22.632;2.082;0.0;0.0;2.801;22.843;29.336;20.746;13.793;13.282;28.329;71.671
"Counselors";"United States";"South Carolina";5569;0;2995;2175;0;0;0;0;1283;1174;894;1366;852;2143;3426;0.0;53.78;39.055;0.0;0.0;0.0;0.0;23.038;21.081;16.053;24.529;15.299;38.481;61.519
"Counselors";"United States";"Tennessee";7028;0;4963;1481;0;0;0;0;1393;2076;1345;1313;901;1524;5504;0.0;70.618;21.073;0.0;0.0;0.0;0.0;19.821;29.539;19.138;18.682;12.82;21.685;78.315
"Counselors";"United States";"Texas";23059;6018;12367;3628;461;0;0;502;4479;6847;4620;4000;3113;5600;17459;26.098;53.632;15.734;1.999;0.0;0.0;2.177;19.424;29.693;20.036;17.347;13.5;24.286;75.714
"Counselors";"United States";"Virginia";14834;558;7295;6037;0;0;0;0;3752;4251;2504;2584;1743;3389;11445;3.762;49.178;40.697;0.0;0.0;0.0;0.0;25.293;28.657;16.88;17.419;11.75;22.846;77.154
"Counselors";"United States";"Washington";13610;731;10822;706;593;0;0;673;2386;3281;2632;2811;2500;3486;10124;5.371;79.515;5.187;4.357;0.0;0.0;4.945;17.531;24.107;19.339;20.654;18.369;25.614;74.386
"Counselors";"United States";"All States";424923;53972;262252;79078;13187;498;2030;13906;94808;111679;82732;69963;65741;113517;311406;12.702;61.718;18.61;3.103;0.117;0.478;3.273;22.312;26.282;19.47;16.465;15.471;26.715;73.285
"Diagnostic Related Technologists & Technicians";"United States";"Alabama";7508;0;6159;705;0;0;0;0;1735;1598;1962;1534;679;2279;5229;0.0;82.032;9.39;0.0;0.0;0.0;0.0;23.109;21.284;26.132;20.432;9.044;30.354;69.646
"Diagnostic Related Technologists & Technicians";"United States";"California";41946;11595;17846;2390;8237;0;0;1664;4603;12236;9581;9190;6336;19619;22327;27.643;42.545;5.698;19.637;0.0;0.0;3.967;10.974;29.171;22.841;21.909;15.105;46.772;53.228
"Diagnostic Related Technologists & Technicians";"United States";"Florida";28839;6265;16986;3050;1534;0;0;930;4367;7085;6771;6671;3945;12024;16815;21.724;58.899;10.576;5.319;0.0;0.0;3.225;15.143;24.567;23.479;23.132;13.679;41.694;58.306
"Diagnostic Related Technologists & Technicians";"United States";"Georgia";13792;348;9094;3771;396;0;0;0;2597;3520;3675;3133;867;4128;9664;2.523;65.937;27.342;2.871;0.0;0.0;0.0;18.83;25.522;26.646;22.716;6.286;29.93;70.07
"Diagnostic Related Technologists & Technicians";"United States";"Illinois";17918;1683;12340;1654;1747;0;0;0;2755;4995;4434;3756;1978;5429;12489;9.393;68.869;9.231;9.75;0.0;0.0;0.0;15.376;27.877;24.746;20.962;11.039;30.299;69.701
"Diagnostic Related Technologists & Technicians";"United States";"Indiana";10109;621;8307;635;0;0;0;0;1776;2669;2868;1797;999;1961;8148;6.143;82.174;6.282;0.0;0.0;0.0;0.0;17.569;26.402;28.371;17.776;9.882;19.399;80.601
"Diagnostic Related Technologists & Technicians";"United States";"Louisiana";6456;0;4808;573;348;0;0;0;1570;2013;1261;931;681;2499;3957;0.0;74.473;8.875;5.39;0.0;0.0;0.0;24.318;31.18;19.532;14.421;10.548;38.708;61.292
"Diagnostic Related Technologists & Technicians";"United States";"Maryland";8419;0;5045;1935;750;0;0;0;1091;2288;2442;1650;948;2531;5888;0.0;59.924;22.984;8.908;0.0;0.0;0.0;12.959;27.177;29.006;19.599;11.26;30.063;69.937
"Diagnostic Related Technologists & Technicians";"United States";"Massachusetts";9991;500;8323;453;519;0;0;0;1333;2580;2178;2387;1513;2638;7353;5.005;83.305;4.534;5.195;0.0;0.0;0.0;13.342;25.823;21.8;23.892;15.144;26.404;73.596
"Diagnostic Related Technologists & Technicians";"United States";"Michigan";14457;507;12059;707;563;0;0;576;2713;3848;2681;3294;1921;3995;10462;3.507;83.413;4.89;3.894;0.0;0.0;3.984;18.766;26.617;18.545;22.785;13.288;27.634;72.366
"Diagnostic Related Technologists & Technicians";"United States";"Mississippi";3906;0;3295;423;0;0;0;0;973;1177;888;617;251;1478;2428;0.0;84.357;10.829;0.0;0.0;0.0;0.0;24.91;30.133;22.734;15.796;6.426;37.839;62.161
"Diagnostic Related Technologists & Technicians";"United States";"New Jersey";13160;1273;8829;1332;1517;0;0;0;2277;3127;3246;2769;1741;4270;8890;9.673;67.09;10.122;11.527;0.0;0.0;0.0;17.302;23.761;24.666;21.041;13.229;32.447;67.553
"Diagnostic Related Technologists & Technicians";"United States";"New York";29760;3940;17839;3824;3493;0;0;656;4469;8180;6675;6638;3798;11311;18449;13.239;59.943;12.849;11.737;0.0;0.0;2.204;15.017;27.487;22.429;22.305;12.762;38.007;61.993
"Diagnostic Related Technologists & Technicians";"United States";"North Carolina";13923;1044;10184;1873;570;0;0;0;2673;3134;3697;3277;1142;3491;10432;7.498;73.145;13.453;4.094;0.0;0.0;0.0;19.198;22.51;26.553;23.537;8.202;25.074;74.926
"Diagnostic Related Technologists & Technicians";"United States";"Ohio";16325;616;13823;849;366;0;0;0;3317;4329;3178;3453;2048;3895;12430;3.773;84.674;5.201;2.242;0.0;0.0;0.0;20.319;26.518;19.467;21.152;12.545;23.859;76.141
"Diagnostic Related Technologists & Technicians";"United States";"Pennsylvania";20611;656;17692;603;1262;0;0;0;3605;5553;4685;4284;2484;5116;15495;3.183;85.838;2.926;6.123;0.0;0.0;0.0;17.491;26.942;22.731;20.785;12.052;24.822;75.178
"Diagnostic Related Technologists & Technicians";"United States";"South Carolina";6174;0;5057;639;0;0;0;0;897;2023;1530;1236;488;1759;4415;0.0;81.908;10.35;0.0;0.0;0.0;0.0;14.529;32.766;24.781;20.019;7.904;28.49;71.51
"Diagnostic Related Technologists & Technicians";"United States";"Tennessee";10553;0;9050;902;0;0;0;0;1698;2844;2454;2692;865;3335;7218;0.0;85.758;8.547;0.0;0.0;0.0;0.0;16.09;26.95;23.254;25.509;8.197;31.602;68.398
"Diagnostic Related Technologists & Technicians";"United States";"Texas";35772;10152;17844;4092;2685;0;0;889;5920;10625;9050;6493;3684;13660;22112;28.38;49.883;11.439;7.506;0.0;0.0;2.485;16.549;29.702;25.299;18.151;10.299;38.186;61.814
"Diagnostic Related Technologists & Technicians";"United States";"Virginia";10517;622;7774;1141;588;0;0;371;1837;2803;2594;2380;903;3397;7120;5.914;73.918;10.849;5.591;0.0;0.0;3.528;17.467;26.652;24.665;22.63;8.586;32.3;67.7
"Diagnostic Related Technologists & Technicians";"United States";"All States";437978;49651;308031;35787;30897;802;1725;11085;73395;121562;103208;89713;50100;144954;293024;11.336;70.33;8.171;7.054;0.183;0.394;2.531;16.758;27.755;23.565;20.483;11.439;33.096;66.904
"Dietitians and Nutritionists";"United States";"California";10676;2220;5442;617;1868;0;0;0;1722;2903;2392;1773;1886;1186;9490;20.794;50.974;5.779;17.497;0.0;0.0;0.0;16.13;27.192;22.405;16.607;17.666;11.109;88.891
"Dietitians and Nutritionists";"United States";"New York";7457;751;4788;1148;657;0;0;0;1386;1817;1704;1420;1130;870;6587;10.071;64.208;15.395;8.811;0.0;0.0;0.0;18.587;24.366;22.851;19.043;15.154;11.667;88.333
"Dietitians and Nutritionists";"United States";"Texas";9163;2338;4216;1340;0;0;0;0;2326;2487;1489;1489;1372;781;8382;25.516;46.011;14.624;0.0;0.0;0.0;0.0;25.385;27.142;16.25;16.25;14.973;8.523;91.477
"Dietitians and Nutritionists";"United States";"All States";111772;10566;76903;13529;7039;0;508;3177;25536;28425;21995;19563;16253;10858;100914;9.453;68.803;12.104;6.298;0.0;0.454;2.842;22.847;25.431;19.678;17.503;14.541;9.714;90.286
"Emergency Medical Technicians and Paramedics";"United States";"California";23716;6918;12185;1138;2386;0;0;968;11788;6980;2941;1309;698;17127;6589;29.17;51.379;4.798;10.061;0.0;0.0;4.082;49.705;29.432;12.401;5.519;2.943;72.217;27.783
"Emergency Medical Technicians and Paramedics";"United States";"Florida";13920;3108;9208;1044;0;0;0;0;4726;4212;2702;1801;479;10050;3870;22.328;66.149;7.5;0.0;0.0;0.0;0.0;33.951;30.259;19.411;12.938;3.441;72.198;27.802
"Emergency Medical Technicians and Paramedics";"United States";"Georgia";9115;530;6611;1266;0;0;0;0;3060;2575;1832;1437;0;6031;3084;5.815;72.529;13.889;0.0;0.0;0.0;0.0;33.571;28.25;20.099;15.765;0.0;66.166;33.834
"Emergency Medical Technicians and Paramedics";"United States";"Illinois";8673;1264;6303;593;0;0;0;0;3421;2604;1126;997;525;5539;3134;14.574;72.674;6.837;0.0;0.0;0.0;0.0;39.444;30.024;12.983;11.495;6.053;63.865;36.135
"Emergency Medical Technicians and Paramedics";"United States";"Maryland";3144;0;2247;471;0;0;0;0;1016;1093;416;372;0;1880;1264;0.0;71.469;14.981;0.0;0.0;0.0;0.0;32.316;34.765;13.232;11.832;0.0;59.796;40.204
"Emergency Medical Technicians and Paramedics";"United States";"New Jersey";5576;965;3821;516;0;0;0;0;2033;1644;797;844;0;3551;2025;17.306;68.526;9.254;0.0;0.0;0.0;0.0;36.46;29.484;14.293;15.136;0.0;63.684;36.316
"Emergency Medical Technicians and Paramedics";"United States";"New York";16674;3995;9451;2096;755;0;0;374;7249;3921;2918;1799;787;10563;6111;23.959;56.681;12.57;4.528;0.0;0.0;2.243;43.475;23.516;17.5;10.789;4.72;63.35;36.65
"Emergency Medical Technicians and Paramedics";"United States";"North Carolina";11375;530;9505;688;0;0;0;0;4612;2790;2149;1426;0;6952;4423;4.659;83.56;6.048;0.0;0.0;0.0;0.0;40.545;24.527;18.892;12.536;0.0;61.116;38.884
"Emergency Medical Technicians and Paramedics";"United States";"Pennsylvania";10617;0;8718;1169;0;0;0;0;3954;2561;1648;1635;819;7184;3433;0.0;82.114;11.011;0.0;0.0;0.0;0.0;37.242;24.122;15.522;15.4;7.714;67.665;32.335
"Emergency Medical Technicians and Paramedics";"United States";"South Carolina";4911;0;3560;900;0;0;0;0;1511;1185;1306;583;0;3450;1461;0.0;72.49;18.326;0.0;0.0;0.0;0.0;30.768;24.13;26.593;11.871;0.0;70.25;29.75
"Emergency Medical Technicians and Paramedics";"United States";"Texas";17323;4758;10378;1176;0;0;0;468;6426;5643;3083;1652;519;11983;5340;27.466;59.909;6.789;0.0;0.0;0.0;2.702;37.095;32.575;17.797;9.536;2.996;69.174;30.826
"Emergency Medical Technicians and Paramedics";"United States";"Virginia";5225;503;3877;604;0;0;0;0;2213;1412;842;559;199;3467;1758;9.627;74.201;11.56;0.0;0.0;0.0;0.0;42.354;27.024;16.115;10.699;3.809;66.354;33.646
"Emergency Medical Technicians and Paramedics";"United States";"All States";238742;31093;173867;16454;7413;0;2232;7433;93576;66413;42153;26907;9693;157499;81243;13.024;72.826;6.892;3.105;0.0;0.935;3.113;39.195;27.818;17.656;11.27;4.06;65.97;34.03
"Health Practitioner Support Technologists and Technicians";"United States";"Alabama";12917;0;8828;3581;0;0;0;0;5181;3088;2091;1669;888;2141;10776;0.0;68.344;27.723;0.0;0.0;0.0;0.0;40.11;23.906;16.188;12.921;6.875;16.575;83.425
"Health Practitioner Support Technologists and Technicians";"United States";"Arizona";20579;6564;9378;1938;765;0;1091;843;7050;6436;3485;2265;1343;5998;14581;31.897;45.571;9.417;3.717;0.0;5.302;4.096;34.258;31.275;16.935;11.006;6.526;29.146;70.854
"Health Practitioner Support Technologists and Technicians";"United States";"Arkansas";6394;0;4901;914;0;0;0;0;2855;1418;920;878;0;1036;5358;0.0;76.65;14.295;0.0;0.0;0.0;0.0;44.651;22.177;14.388;13.732;0.0;16.203;83.797
"Health Practitioner Support Technologists and Technicians";"United States";"California";79833;30175;25579;5205;14557;0;333;3557;26791;22961;15044;10640;4397;22954;56879;37.798;32.041;6.52;18.234;0.0;0.417;4.456;33.559;28.761;18.844;13.328;5.508;28.753;71.247
"Health Practitioner Support Technologists and Technicians";"United States";"Colorado";14482;3277;9455;608;380;0;0;587;6153;4119;2389;1183;638;2826;11656;22.628;65.288;4.198;2.624;0.0;0.0;4.053;42.487;28.442;16.496;8.169;4.405;19.514;80.486
"Health Practitioner Support Technologists and Technicians";"United States";"Connecticut";8273;1352;4998;1256;472;0;0;0;2818;2573;1394;935;553;1736;6537;16.342;60.413;15.182;5.705;0.0;0.0;0.0;34.063;31.101;16.85;11.302;6.684;20.984;79.016
"Health Practitioner Support Technologists and Technicians";"United States";"Florida";54802;15466;24706;10693;1840;0;0;1854;21863;13724;9492;6801;2922;12040;42762;28.222;45.082;19.512;3.358;0.0;0.0;3.383;39.895;25.043;17.321;12.41;5.332;21.97;78.03
"Health Practitioner Support Technologists and Technicians";"United States";"Georgia";21664;1167;11671;7149;1075;0;0;0;9051;5540;3979;1935;1159;4508;17156;5.387;53.873;32.999;4.962;0.0;0.0;0.0;41.779;25.572;18.367;8.932;5.35;20.809;79.191
"Health Practitioner Support Technologists and Technicians";"United States";"Illinois";29974;3838;17449;5383;2331;0;0;878;11556;7930;4946;3507;2035;6942;23032;12.804;58.214;17.959;7.777;0.0;0.0;2.929;38.553;26.456;16.501;11.7;6.789;23.16;76.84
"Health Practitioner Support Technologists and Technicians";"United States";"Indiana";19112;444;15673;1682;0;0;0;0;6878;5012;3000;2787;1435;2877;16235;2.323;82.006;8.801;0.0;0.0;0.0;0.0;35.988;26.224;15.697;14.582;7.508;15.053;84.947
"Health Practitioner Support Technologists and Technicians";"United States";"Kansas";7589;655;5912;431;0;0;0;304;3530;1597;952;842;668;1502;6087;8.631;77.902;5.679;0.0;0.0;0.0;4.006;46.515;21.044;12.544;11.095;8.802;19.792;80.208
"Health Practitioner Support Technologists and Technicians";"United States";"Kentucky";12810;0;10998;1001;0;0;0;0;5502;2561;2130;1936;681;2647;10163;0.0;85.855;7.814;0.0;0.0;0.0;0.0;42.951;19.992;16.628;15.113;5.316;20.664;79.336
"Health Practitioner Support Technologists and Technicians";"United States";"Louisiana";11906;341;6319;4554;0;0;0;0;4569;2921;2035;1846;535;1206;10700;2.864;53.074;38.25;0.0;0.0;0.0;0.0;38.376;24.534;17.092;15.505;4.494;10.129;89.871
"Health Practitioner Support Technologists and Technicians";"United States";"Maryland";13829;1172;6483;4748;975;0;0;451;5661;3294;2145;1518;1211;2284;11545;8.475;46.88;34.334;7.05;0.0;0.0;3.261;40.936;23.82;15.511;10.977;8.757;16.516;83.484
"Health Practitioner Support Technologists and Technicians";"United States";"Massachusetts";16471;1764;11173;1540;1139;0;0;851;6300;4135;2450;2055;1531;3983;12488;10.71;67.834;9.35;6.915;0.0;0.0;5.167;38.249;25.105;14.875;12.476;9.295;24.182;75.818
"Health Practitioner Support Technologists and Technicians";"United States";"Michigan";26012;1690;19591;2932;726;0;0;993;11681;5379;4158;3505;1289;3637;22375;6.497;75.315;11.272;2.791;0.0;0.0;3.817;44.906;20.679;15.985;13.475;4.955;13.982;86.018
"Health Practitioner Support Technologists and Technicians";"United States";"Minnesota";15544;0;12124;716;1471;0;0;716;5726;3844;2516;2375;1083;2857;12687;0.0;77.998;4.606;9.463;0.0;0.0;4.606;36.837;24.73;16.186;15.279;6.967;18.38;81.62
"Health Practitioner Support Technologists and Technicians";"United States";"Mississippi";6848;0;4153;2069;0;0;0;0;2816;1961;1014;693;364;1000;5848;0.0;60.645;30.213;0.0;0.0;0.0;0.0;41.121;28.636;14.807;10.12;5.315;14.603;85.397
"Health Practitioner Support Technologists and Technicians";"United States";"Missouri";19922;0;14799;3487;435;0;0;689;9115;4605;2789;2235;1178;4145;15777;0.0;74.285;17.503;2.184;0.0;0.0;3.458;45.753;23.115;14.0;11.219;5.913;20.806;79.194
"Health Practitioner Support Technologists and Technicians";"United States";"Nevada";6215;1636;2939;608;609;0;0;0;2256;1848;1283;525;303;1507;4708;26.323;47.289;9.783;9.799;0.0;0.0;0.0;36.299;29.735;20.644;8.447;4.875;24.248;75.752
"Health Practitioner Support Technologists and Technicians";"United States";"New Jersey";17812;3486;9562;1907;2587;0;0;0;7024;4257;3006;2326;1199;4080;13732;19.571;53.683;10.706;14.524;0.0;0.0;0.0;39.434;23.9;16.876;13.059;6.731;22.906;77.094
"Health Practitioner Support Technologists and Technicians";"United States";"New York";37108;5226;19302;6256;4603;0;0;1640;13860;10381;4835;5543;2489;10251;26857;14.083;52.016;16.859;12.404;0.0;0.0;4.42;37.35;27.975;13.03;14.937;6.707;27.625;72.375
"Health Practitioner Support Technologists and Technicians";"United States";"North Carolina";28512;1002;18054;6724;545;0;419;1735;10817;7776;4719;3093;2107;5699;22813;3.514;63.321;23.583;1.911;0.0;1.47;6.085;37.938;27.273;16.551;10.848;7.39;19.988;80.012
"Health Practitioner Support Technologists and Technicians";"United States";"Ohio";33302;847;25725;4630;522;0;0;1465;13186;8348;5021;4396;2351;5879;27423;2.543;77.248;13.903;1.567;0.0;0.0;4.399;39.595;25.068;15.077;13.2;7.06;17.654;82.346
"Health Practitioner Support Technologists and Technicians";"United States";"Oklahoma";10166;761;6741;981;0;0;449;1016;3563;2948;1713;1148;794;2080;8086;7.486;66.309;9.65;0.0;0.0;4.417;9.994;35.048;28.999;16.85;11.293;7.81;20.46;79.54
"Health Practitioner Support Technologists and Technicians";"United States";"Pennsylvania";34871;1713;26799;3816;1188;0;0;1328;13504;8059;5303;5310;2695;6950;27921;4.912;76.852;10.943;3.407;0.0;0.0;3.808;38.726;23.111;15.207;15.228;7.728;19.931;80.069
"Health Practitioner Support Technologists and Technicians";"United States";"South Carolina";13754;423;8636;4243;0;0;0;0;5407;3303;1873;2444;727;2366;11388;3.075;62.789;30.849;0.0;0.0;0.0;0.0;39.312;24.015;13.618;17.769;5.286;17.202;82.798
"Health Practitioner Support Technologists and Technicians";"United States";"Tennessee";17973;655;13488;2980;0;0;0;0;7186;4155;3259;2322;1051;3448;14525;3.644;75.046;16.58;0.0;0.0;0.0;0.0;39.982;23.118;18.133;12.919;5.848;19.184;80.816
"Health Practitioner Support Technologists and Technicians";"United States";"Texas";62651;22637;25888;7998;4166;0;0;1775;24777;16985;10495;7398;2996;13976;48675;36.132;41.321;12.766;6.65;0.0;0.0;2.833;39.548;27.111;16.752;11.808;4.782;22.308;77.692
"Health Practitioner Support Technologists and Technicians";"United States";"Virginia";17886;1113;10801;3733;1168;0;0;1042;7552;4364;2619;2092;1259;3019;14867;6.223;60.388;20.871;6.53;0.0;0.0;5.826;42.223;24.399;14.643;11.696;7.039;16.879;83.121
"Health Practitioner Support Technologists and Technicians";"United States";"Washington";15704;1696;10343;590;1807;0;0;1085;4583;4993;2991;2233;904;3189;12515;10.8;65.862;3.757;11.507;0.0;0.0;6.909;29.184;31.794;19.046;14.219;5.756;20.307;79.693
"Health Practitioner Support Technologists and Technicians";"United States";"Wisconsin";14489;759;12292;901;0;0;0;0;5367;3297;2766;2113;946;1953;12536;5.238;84.837;6.219;0.0;0.0;0.0;0.0;37.042;22.755;19.09;14.583;6.529;13.479;86.521
"Health Practitioner Support Technologists and Technicians";"United States";"All States";783637;119238;470020;108601;48557;1248;4546;31427;303130;202775;129157;98904;49671;165316;618321;15.216;59.979;13.859;6.196;0.159;0.58;4.01;38.682;25.876;16.482;12.621;6.339;21.096;78.904
"Licensed Practical/Vocational Nurses";"United States";"Alabama";11542;0;6115;5000;0;0;0;0;2099;2040;2625;2733;2045;992;10550;0.0;52.98;43.32;0.0;0.0;0.0;0.0;18.186;17.675;22.743;23.679;17.718;8.595;91.405
"Licensed Practical/Vocational Nurses";"United States";"Arizona";7908;1937;4481;855;0;0;348;0;1387;1825;1879;1503;1314;1217;6691;24.494;56.664;10.812;0.0;0.0;4.401;0.0;17.539;23.078;23.761;19.006;16.616;15.389;84.611
"Licensed Practical/Vocational Nurses";"United States";"Arkansas";11026;0;8058;1852;0;0;0;0;2724;2484;2495;2311;1012;1071;9955;0.0;73.082;16.797;0.0;0.0;0.0;0.0;24.705;22.529;22.628;20.96;9.178;9.713;90.287
"Licensed Practical/Vocational Nurses";"United States";"California";81842;29608;18000;11084;20167;517;310;2156;18532;23588;17463;13899;8360;15500;66342;36.177;21.994;13.543;24.641;0.632;0.379;2.634;22.644;28.821;21.337;16.983;10.215;18.939;81.061
"Licensed Practical/Vocational Nurses";"United States";"Colorado";7090;1614;4304;468;304;0;0;0;2092;1502;1313;1277;906;1438;5652;22.764;60.705;6.601;4.288;0.0;0.0;0.0;29.506;21.185;18.519;18.011;12.779;20.282;79.718
"Licensed Practical/Vocational Nurses";"United States";"Connecticut";9921;1373;5007;2978;0;0;0;0;1541;2247;2596;1652;1885;1340;8581;13.839;50.469;30.017;0.0;0.0;0.0;0.0;15.533;22.649;26.167;16.652;19.0;13.507;86.493
"Licensed Practical/Vocational Nurses";"United States";"Florida";50110;7978;20250;19520;877;0;0;1394;8194;10324;12755;10916;7921;5359;44751;15.921;40.411;38.954;1.75;0.0;0.0;2.782;16.352;20.603;25.454;21.784;15.807;10.694;89.306
"Licensed Practical/Vocational Nurses";"United States";"Georgia";22167;713;9501;11295;0;0;0;0;3030;5490;4988;5326;3333;2189;19978;3.216;42.861;50.954;0.0;0.0;0.0;0.0;13.669;24.767;22.502;24.027;15.036;9.875;90.125
"Licensed Practical/Vocational Nurses";"United States";"Illinois";24624;3013;12338;7192;1544;0;0;502;4810;5147;5439;5548;3680;2882;21742;12.236;50.106;29.207;6.27;0.0;0.0;2.039;19.534;20.902;22.088;22.531;14.945;11.704;88.296
"Licensed Practical/Vocational Nurses";"United States";"Indiana";14945;0;11663;2288;0;0;0;0;3303;3729;2803;2933;2177;1829;13116;0.0;78.039;15.309;0.0;0.0;0.0;0.0;22.101;24.951;18.755;19.625;14.567;12.238;87.762
"Licensed Practical/Vocational Nurses";"United States";"Kansas";8317;602;6396;686;0;0;0;0;2017;2065;2072;1021;1142;1252;7065;7.238;76.903;8.248;0.0;0.0;0.0;0.0;24.252;24.829;24.913;12.276;13.731;15.054;84.946
"Licensed Practical/Vocational Nurses";"United States";"Kentucky";9909;0;8324;962;0;0;0;0;1801;2184;2374;2171;1379;1307;8602;0.0;84.004;9.708;0.0;0.0;0.0;0.0;18.175;22.041;23.958;21.909;13.917;13.19;86.81
"Licensed Practical/Vocational Nurses";"United States";"Louisiana";18030;0;8645;8679;0;0;0;0;3699;4336;4800;3286;1909;1179;16851;0.0;47.948;48.136;0.0;0.0;0.0;0.0;20.516;24.049;26.622;18.225;10.588;6.539;93.461
"Licensed Practical/Vocational Nurses";"United States";"Maryland";11613;0;3367;7295;0;0;0;0;1873;2361;2658;2908;1813;1542;10071;0.0;28.993;62.818;0.0;0.0;0.0;0.0;16.128;20.331;22.888;25.041;15.612;13.278;86.722
"Licensed Practical/Vocational Nurses";"United States";"Massachusetts";15993;1283;10258;3200;0;0;0;672;2262;3495;3211;4013;3012;2384;13609;8.022;64.141;20.009;0.0;0.0;0.0;4.202;14.144;21.853;20.078;25.092;18.833;14.907;85.093
"Licensed Practical/Vocational Nurses";"United States";"Michigan";17256;655;10419;5405;461;0;0;0;4651;4079;3094;3232;2200;1580;15676;3.796;60.379;31.322;2.672;0.0;0.0;0.0;26.953;23.638;17.93;18.73;12.749;9.156;90.844
"Licensed Practical/Vocational Nurses";"United States";"Minnesota";16431;408;12682;2673;0;0;322;0;3986;3063;3431;3435;2516;1400;15031;2.483;77.183;16.268;0.0;0.0;1.96;0.0;24.259;18.642;20.881;20.906;15.313;8.52;91.48
"Licensed Practical/Vocational Nurses";"United States";"Mississippi";10098;0;4760;5227;0;0;0;0;1611;3533;1791;2193;970;737;9361;0.0;47.138;51.763;0.0;0.0;0.0;0.0;15.954;34.987;17.736;21.717;9.606;7.298;92.702
"Licensed Practical/Vocational Nurses";"United States";"Missouri";18001;565;12602;4074;0;0;0;641;4153;4950;3222;3477;2199;2085;15916;3.139;70.007;22.632;0.0;0.0;0.0;3.561;23.071;27.498;17.899;19.316;12.216;11.583;88.417
"Licensed Practical/Vocational Nurses";"United States";"Nevada";3497;605;1386;891;450;0;0;0;570;611;965;852;0;637;2860;17.301;39.634;25.479;12.868;0.0;0.0;0.0;16.3;17.472;27.595;24.364;0.0;18.216;81.784
"Licensed Practical/Vocational Nurses";"United States";"New Jersey";20014;2351;7582;8382;1117;0;0;530;3747;4015;4819;4708;2725;2425;17589;11.747;37.883;41.881;5.581;0.0;0.0;2.648;18.722;20.061;24.078;23.524;13.615;12.117;87.883
"Licensed Practical/Vocational Nurses";"United States";"New York";53687;5984;23977;17809;3519;0;0;2142;9203;10778;12516;13340;7850;6710;46977;11.146;44.661;33.172;6.555;0.0;0.0;3.99;17.142;20.076;23.313;24.848;14.622;12.498;87.502
"Licensed Practical/Vocational Nurses";"United States";"North Carolina";20739;804;10839;8205;0;0;444;0;2996;5159;4875;4427;3282;1974;18765;3.877;52.264;39.563;0.0;0.0;2.141;0.0;14.446;24.876;23.506;21.346;15.825;9.518;90.482
"Licensed Practical/Vocational Nurses";"United States";"Ohio";39022;1051;27838;8654;0;0;0;1307;8431;9081;9606;6962;4942;3300;35722;2.693;71.339;22.177;0.0;0.0;0.0;3.349;21.606;23.271;24.617;17.841;12.665;8.457;91.543
"Licensed Practical/Vocational Nurses";"United States";"Oklahoma";11853;597;7251;1634;0;437;1065;815;2671;2778;2661;2554;1189;1665;10188;5.037;61.174;13.786;0.0;3.687;8.985;6.876;22.534;23.437;22.45;21.547;10.031;14.047;85.953
"Licensed Practical/Vocational Nurses";"United States";"Pennsylvania";43977;2140;31440;8337;659;0;0;1401;8215;9029;9626;9941;7166;4607;39370;4.866;71.492;18.958;1.499;0.0;0.0;3.186;18.68;20.531;21.889;22.605;16.295;10.476;89.524
"Licensed Practical/Vocational Nurses";"United States";"South Carolina";11114;427;5453;4894;0;0;0;0;2247;1906;2676;2506;1779;560;10554;3.842;49.064;44.035;0.0;0.0;0.0;0.0;20.218;17.15;24.078;22.548;16.007;5.039;94.961
"Licensed Practical/Vocational Nurses";"United States";"Tennessee";24499;373;18776;4769;0;0;0;414;4787;6010;5795;4406;3501;2481;22018;1.523;76.64;19.466;0.0;0.0;0.0;1.69;19.54;24.532;23.654;17.984;14.29;10.127;89.873
"Licensed Practical/Vocational Nurses";"United States";"Texas";69057;22641;24171;18457;2120;0;0;1382;14340;17035;15978;12816;8888;9279;59778;32.786;35.002;26.727;3.07;0.0;0.0;2.001;20.765;24.668;23.137;18.559;12.871;13.437;86.563
"Licensed Practical/Vocational Nurses";"United States";"Virginia";21507;1340;10151;8648;416;0;0;907;4296;4869;3690;4867;3785;1842;19665;6.231;47.199;40.21;1.934;0.0;0.0;4.217;19.975;22.639;17.157;22.63;17.599;8.565;91.435
"Licensed Practical/Vocational Nurses";"United States";"Washington";8696;768;5226;1227;1076;0;0;0;1609;1675;1523;2177;1712;1716;6980;8.832;60.097;14.11;12.374;0.0;0.0;0.0;18.503;19.262;17.514;25.034;19.687;19.733;80.267
"Licensed Practical/Vocational Nurses";"United States";"Wisconsin";10979;0;8532;1376;0;0;0;0;2183;2202;1857;2643;2094;1437;9542;0.0;77.712;12.533;0.0;0.0;0.0;0.0;19.883;20.056;16.914;24.073;19.073;13.089;86.911
"Licensed Practical/Vocational Nurses";"United States";"All States";757983;95881;399577;198930;37432;1658;4348;20157;152486;173948;168303;155352;107894;92136;665847;12.649;52.716;26.245;4.938;0.219;0.574;2.659;20.117;22.949;22.204;20.495;14.234;12.155;87.845
"Medical and Clinical Laboratory Technologists & Technicians";"United States";"Alabama";4896;0;2650;1911;0;0;0;0;1133;1542;820;865;536;770;4126;0.0;54.126;39.032;0.0;0.0;0.0;0.0;23.141;31.495;16.748;17.667;10.948;15.727;84.273
"Medical and Clinical Laboratory Technologists & Technicians";"United States";"Arizona";6792;1320;3849;815;474;0;0;0;1559;1747;1083;1387;1016;2378;4414;19.435;56.67;11.999;6.979;0.0;0.0;0.0;22.953;25.721;15.945;20.421;14.959;35.012;64.988
"Medical and Clinical Laboratory Technologists & Technicians";"United States";"California";31349;9022;7683;2473;10642;0;0;1263;7833;7680;6170;5981;3685;12116;19233;28.779;24.508;7.889;33.947;0.0;0.0;4.029;24.986;24.498;19.682;19.079;11.755;38.649;61.351
"Medical and Clinical Laboratory Technologists & Technicians";"United States";"Florida";21989;5275;9933;4088;1691;0;0;834;4270;4707;4065;5089;3858;6691;15298;23.989;45.173;18.591;7.69;0.0;0.0;3.793;19.419;21.406;18.487;23.143;17.545;30.429;69.571
"Medical and Clinical Laboratory Technologists & Technicians";"United States";"Georgia";11826;424;4770;5702;763;0;0;0;2305;2788;2584;2630;1519;2681;9145;3.585;40.335;48.216;6.452;0.0;0.0;0.0;19.491;23.575;21.85;22.239;12.845;22.67;77.33
"Medical and Clinical Laboratory Technologists & Technicians";"United States";"Illinois";11584;1256;7021;1398;1664;0;0;0;3280;2102;1730;2423;2049;3186;8398;10.843;60.609;12.068;14.365;0.0;0.0;0.0;28.315;18.146;14.934;20.917;17.688;27.503;72.497
"Medical and Clinical Laboratory Technologists & Technicians";"United States";"Indiana";5751;0;4288;545;0;0;0;0;1268;1333;1096;1104;950;1215;4536;0.0;74.561;9.477;0.0;0.0;0.0;0.0;22.048;23.179;19.058;19.197;16.519;21.127;78.873
"Medical and Clinical Laboratory Technologists & Technicians";"United States";"Louisiana";4562;0;2826;1305;0;0;0;0;1209;943;1043;639;728;991;3571;0.0;61.947;28.606;0.0;0.0;0.0;0.0;26.502;20.671;22.863;14.007;15.958;21.723;78.277
"Medical and Clinical Laboratory Technologists & Technicians";"United States";"Maryland";6488;0;2295;2448;1070;0;0;0;1765;1006;1340;1599;778;1837;4651;0.0;35.373;37.731;16.492;0.0;0.0;0.0;27.204;15.506;20.654;24.645;11.991;28.314;71.686
"Medical and Clinical Laboratory Technologists & Technicians";"United States";"Massachusetts";9699;897;6447;876;1091;0;0;0;2802;1627;1295;2104;1871;2643;7056;9.248;66.471;9.032;11.249;0.0;0.0;0.0;28.89;16.775;13.352;21.693;19.291;27.25;72.75
"Medical and Clinical Laboratory Technologists & Technicians";"United States";"Michigan";10451;497;7695;1196;478;0;0;480;2937;2289;1894;1643;1688;2296;8155;4.756;73.629;11.444;4.574;0.0;0.0;4.593;28.103;21.902;18.123;15.721;16.152;21.969;78.031
"Medical and Clinical Laboratory Technologists & Technicians";"United States";"New Jersey";11440;1813;4512;2038;2802;0;0;0;2223;2688;2201;1930;2398;3424;8016;15.848;39.441;17.815;24.493;0.0;0.0;0.0;19.432;23.497;19.24;16.871;20.962;29.93;70.07
"Medical and Clinical Laboratory Technologists & Technicians";"United States";"New York";21209;3323;9280;3145;4528;0;0;879;4262;4910;4079;4670;3288;8085;13124;15.668;43.755;14.829;21.349;0.0;0.0;4.144;20.095;23.151;19.232;22.019;15.503;38.121;61.879
"Medical and Clinical Laboratory Technologists & Technicians";"United States";"North Carolina";13573;658;7363;3914;773;0;0;561;3045;3483;2529;2872;1644;3165;10408;4.848;54.247;28.837;5.695;0.0;0.0;4.133;22.434;25.661;18.633;21.16;12.112;23.318;76.682
"Medical and Clinical Laboratory Technologists & Technicians";"United States";"Ohio";13203;660;9730;1496;734;0;0;0;3443;2863;2517;2194;2186;2717;10486;4.999;73.695;11.331;5.559;0.0;0.0;0.0;26.077;21.684;19.064;16.617;16.557;20.579;79.421
"Medical and Clinical Laboratory Technologists & Technicians";"United States";"Pennsylvania";14187;578;10890;1931;540;0;0;243;2750;2527;2521;3508;2881;2889;11298;4.074;76.76;13.611;3.806;0.0;0.0;1.713;19.384;17.812;17.77;24.727;20.307;20.364;79.636
"Medical and Clinical Laboratory Technologists & Technicians";"United States";"Texas";25844;8383;9013;4870;3031;0;0;0;6922;6716;4551;4638;3017;6797;19047;32.437;34.875;18.844;11.728;0.0;0.0;0.0;26.784;25.987;17.61;17.946;11.674;26.3;73.7
"Medical and Clinical Laboratory Technologists & Technicians";"United States";"Virginia";8539;907;4538;2023;995;0;0;0;2432;2517;1114;1475;1001;2195;6344;10.622;53.144;23.691;11.652;0.0;0.0;0.0;28.481;29.477;13.046;17.274;11.723;25.706;74.294
"Medical and Clinical Laboratory Technologists & Technicians";"United States";"All States";338429;44058;187184;54391;40156;722;1486;10432;82862;76776;64233;65194;49364;94830;243599;13.018;55.31;16.072;11.865;0.213;0.439;3.082;24.484;22.686;18.98;19.264;14.586;28.021;71.979
"Medical Assistants";"United States";"Arizona";15652;8290;5150;619;0;0;729;0;6640;4242;2808;1100;862;1558;14094;52.964;32.903;3.955;0.0;0.0;4.658;0.0;42.423;27.102;17.94;7.028;5.507;9.954;90.046
"Medical Assistants";"United States";"California";86808;51899;16431;4995;10759;490;0;2120;36285;23992;14217;8170;4144;9995;76813;59.786;18.928;5.754;12.394;0.564;0.0;2.442;41.799;27.638;16.378;9.412;4.774;11.514;88.486
"Medical Assistants";"United States";"Florida";45156;17857;17314;8270;716;0;0;981;13898;11937;10383;6198;2740;5769;39387;39.545;38.343;18.314;1.586;0.0;0.0;2.172;30.778;26.435;22.994;13.726;6.068;12.776;87.224
"Medical Assistants";"United States";"Georgia";17290;1927;7894;6351;777;0;0;0;4881;4767;4358;2437;847;1379;15911;11.145;45.656;36.732;4.494;0.0;0.0;0.0;28.23;27.571;25.205;14.095;4.899;7.976;92.024
"Medical Assistants";"United States";"Illinois";19776;5509;9435;3675;541;0;0;603;6789;6278;3351;2491;867;1484;18292;27.857;47.709;18.583;2.736;0.0;0.0;3.049;34.329;31.746;16.945;12.596;4.384;7.504;92.496
"Medical Assistants";"United States";"Indiana";11934;948;8775;1686;0;0;0;0;3840;3557;2309;1779;449;384;11550;7.944;73.529;14.128;0.0;0.0;0.0;0.0;32.177;29.806;19.348;14.907;3.762;3.218;96.782
"Medical Assistants";"United States";"Louisiana";7806;369;4605;2525;0;0;0;0;2985;2236;1567;743;0;815;6991;4.727;58.993;32.347;0.0;0.0;0.0;0.0;38.24;28.645;20.074;9.518;0.0;10.441;89.559
"Medical Assistants";"United States";"Maryland";10841;1293;4526;4126;516;0;0;367;3563;3364;2077;1059;778;1408;9433;11.927;41.749;38.059;4.76;0.0;0.0;3.385;32.866;31.03;19.159;9.768;7.176;12.988;87.012
"Medical Assistants";"United States";"Massachusetts";13805;2931;7826;1413;663;0;0;911;4462;3829;2183;2365;966;1502;12303;21.231;56.69;10.235;4.803;0.0;0.0;6.599;32.322;27.736;15.813;17.131;6.997;10.88;89.12
"Medical Assistants";"United States";"Michigan";24539;2031;17504;3547;589;0;0;766;7667;7410;4553;3742;1167;1409;23130;8.277;71.331;14.455;2.4;0.0;0.0;3.122;31.244;30.197;18.554;15.249;4.756;5.742;94.258
"Medical Assistants";"United States";"New Jersey";17249;5949;7401;2439;1296;0;0;0;6526;4771;2969;1894;1089;1235;16014;34.489;42.907;14.14;7.513;0.0;0.0;0.0;37.834;27.66;17.213;10.98;6.313;7.16;92.84
"Medical Assistants";"United States";"New York";33552;12175;12226;5272;2799;0;0;1048;11254;9533;5996;4738;2031;4039;29513;36.287;36.439;15.713;8.342;0.0;0.0;3.124;33.542;28.413;17.871;14.121;6.053;12.038;87.962
"Medical Assistants";"United States";"North Carolina";17618;1952;9956;4856;0;0;0;530;5617;4904;3995;2345;757;2465;15153;11.08;56.51;27.563;0.0;0.0;0.0;3.008;31.882;27.835;22.676;13.31;4.297;13.991;86.009
"Medical Assistants";"United States";"Ohio";21385;1011;16767;2498;0;0;0;598;5531;6506;4502;3340;1506;1271;20114;4.728;78.405;11.681;0.0;0.0;0.0;2.796;25.864;30.423;21.052;15.618;7.042;5.943;94.057
"Medical Assistants";"United States";"Pennsylvania";20865;2651;14261;3199;0;0;0;587;6591;5498;4154;2790;1832;1195;19670;12.705;68.349;15.332;0.0;0.0;0.0;2.813;31.589;26.35;19.909;13.372;8.78;5.727;94.273
"Medical Assistants";"United States";"Texas";50635;30287;11671;6011;1371;0;0;1147;19943;16638;8510;3844;1700;5086;45549;59.814;23.049;11.871;2.708;0.0;0.0;2.265;39.386;32.859;16.807;7.592;3.357;10.044;89.956
"Medical Assistants";"United States";"Virginia";13629;1849;6574;4032;805;0;0;359;6276;3313;2134;1546;360;2122;11507;13.567;48.235;29.584;5.907;0.0;0.0;2.634;46.049;24.308;15.658;11.343;2.641;15.57;84.43
"Medical Assistants";"United States";"Washington";15244;2349;9034;738;1657;0;0;1265;4979;4513;3161;1799;792;1679;13565;15.409;59.263;4.841;10.87;0.0;0.0;8.298;32.662;29.605;20.736;11.801;5.195;11.014;88.986
"Medical Assistants";"United States";"All States";593646;172791;286495;83290;29107;1015;3057;17891;209774;167347;112102;71928;32495;56302;537344;29.107;48.26;14.03;4.903;0.171;0.515;3.014;35.337;28.19;18.884;12.116;5.474;9.484;90.516
"Medical Records & Health Information Technicians";"United States";"California";17320;5590;5285;1333;4154;0;0;776;2857;4125;4204;4108;2026;3470;13850;32.275;30.514;7.696;23.984;0.0;0.0;4.48;16.495;23.816;24.273;23.718;11.697;20.035;79.965
"Medical Records & Health Information Technicians";"United States";"Florida";14060;3666;7387;2432;0;0;0;0;1973;2666;3755;3042;2624;1732;12328;26.074;52.539;17.297;0.0;0.0;0.0;0.0;14.033;18.962;26.707;21.636;18.663;12.319;87.681
"Medical Records & Health Information Technicians";"United States";"Illinois";7924;863;4800;1799;374;0;0;0;1071;1784;1502;2133;1434;740;7184;10.891;60.575;22.703;4.72;0.0;0.0;0.0;13.516;22.514;18.955;26.918;18.097;9.339;90.661
"Medical Records & Health Information Technicians";"United States";"New York";11442;2422;5879;2114;870;0;0;0;1929;2782;1758;2923;2050;1814;9628;21.168;51.381;18.476;7.604;0.0;0.0;0.0;16.859;24.314;15.364;25.546;17.916;15.854;84.146
"Medical Records & Health Information Technicians";"United States";"Texas";13279;4068;6378;1902;748;0;0;0;2125;2378;3187;3029;2560;1652;11627;30.635;48.031;14.323;5.633;0.0;0.0;0.0;16.003;17.908;24.0;22.81;19.279;12.441;87.559
"Medical Records & Health Information Technicians";"United States";"All States";191300;24969;121599;27482;9957;581;1880;4832;24029;40434;46202;48271;32364;19497;171803;13.052;63.565;14.366;5.205;0.304;0.983;2.526;12.561;21.136;24.152;25.233;16.918;10.192;89.808
"Medical Transcriptionists";"United States";"All States";51856;5709;35433;2855;5980;0;0;1648;26120;5124;4288;7663;8661;9943;41913;11.009;68.33;5.506;11.532;0.0;0.0;3.178;50.37;9.881;8.269;14.777;16.702;19.174;80.826
"Nursing, Psychiatric and Home Health Aides";"United States";"Alabama";28141;435;10717;16475;0;0;0;0;10408;7504;4517;3745;1967;2989;25152;1.546;38.083;58.544;0.0;0.0;0.0;0.0;36.985;26.666;16.051;13.308;6.99;10.622;89.378
"Nursing, Psychiatric and Home Health Aides";"United States";"Arizona";23400;8039;8871;2805;704;0;1820;995;8577;4963;3229;4326;2305;5181;18219;34.355;37.91;11.987;3.009;0.0;7.778;4.252;36.654;21.209;13.799;18.487;9.85;22.141;77.859
"Nursing, Psychiatric and Home Health Aides";"United States";"Arkansas";21807;860;12810;7013;0;0;0;862;7635;5443;3810;3148;1771;2159;19648;3.944;58.743;32.159;0.0;0.0;0.0;3.953;35.012;24.96;17.471;14.436;8.121;9.9;90.1
"Nursing, Psychiatric and Home Health Aides";"United States";"California";148195;60930;27594;19595;33617;1146;530;4783;37163;29502;28452;31605;21473;31576;116619;41.115;18.62;13.222;22.684;0.773;0.358;3.228;25.077;19.908;19.199;21.327;14.49;21.307;78.693
"Nursing, Psychiatric and Home Health Aides";"United States";"Colorado";26922;7812;13320;3561;1088;0;297;724;9066;5257;5217;3953;3429;3962;22960;29.017;49.476;13.227;4.041;0.0;1.103;2.689;33.675;19.527;19.378;14.683;12.737;14.717;85.283
"Nursing, Psychiatric and Home Health Aides";"United States";"Connecticut";29972;7082;9570;11877;753;0;0;654;7404;6270;5750;6651;3897;3971;26001;23.629;31.93;39.627;2.512;0.0;0.0;2.182;24.703;20.92;19.185;22.191;13.002;13.249;86.751
"Nursing, Psychiatric and Home Health Aides";"United States";"Delaware";6884;651;2096;3843;0;0;0;0;1765;1424;1832;1214;649;770;6114;9.457;30.447;55.825;0.0;0.0;0.0;0.0;25.639;20.686;26.612;17.635;9.428;11.185;88.815
"Nursing, Psychiatric and Home Health Aides";"United States";"Florida";136582;30265;31179;68352;3024;0;0;3547;26743;25275;29492;33714;21358;14564;122018;22.159;22.828;50.045;2.214;0.0;0.0;2.597;19.58;18.505;21.593;24.684;15.637;10.663;89.337
"Nursing, Psychiatric and Home Health Aides";"United States";"Georgia";50688;1809;11666;34895;874;0;0;1318;14655;11958;9790;8503;5782;5004;45684;3.569;23.015;68.843;1.724;0.0;0.0;2.6;28.912;23.591;19.314;16.775;11.407;9.872;90.128
"Nursing, Psychiatric and Home Health Aides";"United States";"Illinois";85917;12292;35297;30900;5627;0;0;1696;28189;18003;14892;14937;9896;8964;76953;14.307;41.083;35.965;6.549;0.0;0.0;1.974;32.81;20.954;17.333;17.385;11.518;10.433;89.567
"Nursing, Psychiatric and Home Health Aides";"United States";"Indiana";42444;1696;28393;10519;681;0;0;1085;17425;8565;7346;5619;3489;3885;38559;3.996;66.895;24.783;1.604;0.0;0.0;2.556;41.054;20.18;17.308;13.239;8.22;9.153;90.847
"Nursing, Psychiatric and Home Health Aides";"United States";"Iowa";22600;1358;18685;1652;0;0;0;433;10161;4134;3355;2779;2171;1612;20988;6.009;82.677;7.31;0.0;0.0;0.0;1.916;44.96;18.292;14.845;12.296;9.606;7.133;92.867
"Nursing, Psychiatric and Home Health Aides";"United States";"Kansas";23736;2331;16652;3118;0;0;0;1177;10531;4943;3415;2830;2017;2459;21277;9.821;70.155;13.136;0.0;0.0;0.0;4.959;44.367;20.825;14.387;11.923;8.498;10.36;89.64
"Nursing, Psychiatric and Home Health Aides";"United States";"Maryland";33590;1043;6582;24082;976;0;0;841;8395;8124;5901;7148;4022;3569;30021;3.105;19.595;71.694;2.906;0.0;0.0;2.504;24.993;24.186;17.568;21.28;11.974;10.625;89.375
"Nursing, Psychiatric and Home Health Aides";"United States";"Massachusetts";61485;12022;25075;19375;1673;0;0;3254;17023;11028;11749;13494;8191;7574;53911;19.553;40.782;31.512;2.721;0.0;0.0;5.292;27.686;17.936;19.109;21.947;13.322;12.318;87.682
"Nursing, Psychiatric and Home Health Aides";"United States";"Michigan";66861;2844;39287;20884;1413;0;137;2296;25675;14034;11130;9990;6032;8886;57975;4.254;58.759;31.235;2.113;0.0;0.205;3.434;38.401;20.99;16.646;14.941;9.022;13.29;86.71
"Nursing, Psychiatric and Home Health Aides";"United States";"Minnesota";45124;3039;25674;11906;2503;0;232;1770;17802;9498;7734;6192;3898;7163;37961;6.735;56.897;26.385;5.547;0.0;0.514;3.923;39.451;21.049;17.139;13.722;8.638;15.874;84.126
"Nursing, Psychiatric and Home Health Aides";"United States";"Missouri";46278;993;27373;15677;491;0;0;1441;17597;9952;7327;6993;4409;5990;40288;2.146;59.149;33.876;1.061;0.0;0.0;3.114;38.025;21.505;15.833;15.111;9.527;12.944;87.056
"Nursing, Psychiatric and Home Health Aides";"United States";"Nebraska";15078;2002;10585;1325;0;0;242;0;7063;2895;2241;1852;1027;1912;13166;13.278;70.202;8.788;0.0;0.0;1.605;0.0;46.843;19.2;14.863;12.283;6.811;12.681;87.319
"Nursing, Psychiatric and Home Health Aides";"United States";"Nevada";10201;2771;2632;2410;1705;0;0;0;2996;1897;2258;1991;1059;1736;8465;27.164;25.801;23.625;16.714;0.0;0.0;0.0;29.37;18.596;22.135;19.518;10.381;17.018;82.982
"Nursing, Psychiatric and Home Health Aides";"United States";"New Jersey";58600;13520;11132;28415;3595;0;0;1726;11003;9514;12756;14940;10387;8327;50273;23.072;18.997;48.49;6.135;0.0;0.0;2.945;18.776;16.235;21.768;25.495;17.725;14.21;85.79
"Nursing, Psychiatric and Home Health Aides";"United States";"New York";283540;78619;56047;102925;33621;0;402;11789;43645;49343;62363;77988;50201;33876;249664;27.728;19.767;36.3;11.858;0.0;0.142;4.158;15.393;17.402;21.994;27.505;17.705;11.948;88.052
"Nursing, Psychiatric and Home Health Aides";"United States";"North Carolina";71738;2590;30502;34550;868;0;1399;1829;20027;14600;14269;12879;9963;7472;64266;3.61;42.519;48.161;1.21;0.0;1.95;2.55;27.917;20.352;19.89;17.953;13.888;10.416;89.584
"Nursing, Psychiatric and Home Health Aides";"United States";"Ohio";95398;2855;55842;31255;1586;0;0;3573;34590;19975;16642;14436;9755;10173;85225;2.993;58.536;32.763;1.663;0.0;0.0;3.745;36.259;20.939;17.445;15.132;10.226;10.664;89.336
"Nursing, Psychiatric and Home Health Aides";"United States";"Oklahoma";25192;2152;13343;4536;505;0;2355;2285;9170;5733;4597;3616;2076;2725;22467;8.542;52.965;18.006;2.005;0.0;9.348;9.07;36.4;22.757;18.248;14.354;8.241;10.817;89.183
"Nursing, Psychiatric and Home Health Aides";"United States";"Oregon";17668;2350;11740;823;1239;277;0;900;5949;4155;3075;2538;1951;3356;14312;13.301;66.448;4.658;7.013;1.568;0.0;5.094;33.671;23.517;17.404;14.365;11.043;18.995;81.005
"Nursing, Psychiatric and Home Health Aides";"United States";"Pennsylvania";107797;11088;54610;34735;3435;0;0;3854;33952;24320;17246;19857;12422;15624;92173;10.286;50.66;32.223;3.187;0.0;0.0;3.575;31.496;22.561;15.999;18.421;11.524;14.494;85.506
"Nursing, Psychiatric and Home Health Aides";"United States";"Rhode Island";11069;2351;5453;2339;250;0;0;665;2319;2889;2109;2212;1540;934;10135;21.239;49.264;21.131;2.259;0.0;0.0;6.008;20.95;26.1;19.053;19.984;13.913;8.438;91.562
"Nursing, Psychiatric and Home Health Aides";"United States";"South Carolina";27452;915;9987;16022;0;0;0;350;7255;6011;5270;5603;3313;2077;25375;3.333;36.38;58.364;0.0;0.0;0.0;1.275;26.428;21.896;19.197;20.41;12.068;7.566;92.434
"Nursing, Psychiatric and Home Health Aides";"United States";"Tennessee";33255;978;20815;10067;0;0;0;1023;12091;7862;4881;5616;2805;3954;29301;2.941;62.592;30.272;0.0;0.0;0.0;3.076;36.358;23.642;14.677;16.888;8.435;11.89;88.11
"Nursing, Psychiatric and Home Health Aides";"United States";"Texas";161850;69196;34330;49888;5080;0;427;2792;37789;34919;35545;31926;21671;21150;140700;42.753;21.211;30.824;3.139;0.0;0.264;1.725;23.348;21.575;21.962;19.726;13.39;13.068;86.932
"Nursing, Psychiatric and Home Health Aides";"United States";"Virginia";46639;2065;16693;25169;1544;0;0;1165;12569;10252;8454;9704;5660;5782;40857;4.428;35.792;53.966;3.311;0.0;0.0;2.498;26.95;21.982;18.126;20.807;12.136;12.397;87.603
"Nursing, Psychiatric and Home Health Aides";"United States";"Washington";36050;4968;18881;5291;3736;543;334;2297;12289;8018;5926;5772;4045;5563;30487;13.781;52.374;14.677;10.363;1.506;0.926;6.372;34.089;22.241;16.438;16.011;11.221;15.431;84.569
"Nursing, Psychiatric and Home Health Aides";"United States";"Wisconsin";42872;3223;30830;6313;1275;0;0;953;17655;8326;5749;6697;4445;4607;38265;7.518;71.912;14.725;2.974;0.0;0.0;2.223;41.181;19.421;13.41;15.621;10.368;10.746;89.254
"Nursing, Psychiatric and Home Health Aides";"United States";"All States";2131412;369973;837628;715827;120002;4153;14844;68985;615564;437173;398987;411724;267964;269914;1861498;17.358;39.299;33.585;5.63;0.195;0.696;3.237;28.881;20.511;18.719;19.317;12.572;12.664;87.336
"Occupational Therapists";"United States";"Illinois";5952;366;4324;526;0;0;0;0;1204;1720;1816;875;337;510;5442;6.149;72.648;8.837;0.0;0.0;0.0;0.0;20.228;28.898;30.511;14.701;5.662;8.569;91.431
"Occupational Therapists";"United States";"New York";11778;813;9282;630;889;0;0;0;2296;3854;3089;1478;1061;1572;10206;6.903;78.808;5.349;7.548;0.0;0.0;0.0;19.494;32.722;26.227;12.549;9.008;13.347;86.653
"Occupational Therapists";"United States";"Texas";8257;1408;5349;596;729;0;0;0;1475;2565;1965;1475;777;1376;6881;17.052;64.781;7.218;8.829;0.0;0.0;0.0;17.864;31.065;23.798;17.864;9.41;16.665;83.335
"Occupational Therapists";"United States";"All States";131351;7389;104276;6892;9022;0;0;3659;24613;41846;33306;21276;10310;15203;116148;5.625;79.387;5.247;6.869;0.0;0.0;2.786;18.738;31.858;25.356;16.198;7.849;11.574;88.426
"Occupational Therapy Assistants And Aides";"United States";"Texas";3615;902;1846;754;0;0;0;0;882;972;971;541;249;551;3064;24.952;51.065;20.858;0.0;0.0;0.0;0.0;24.398;26.888;26.86;14.965;6.888;15.242;84.758
"Occupational Therapy Assistants And Aides";"United States";"All States";51082;5834;34386;6992;1996;0;362;1492;12264;13368;10685;10079;4686;7965;43117;11.421;67.315;13.688;3.907;0.0;0.709;2.921;24.008;26.17;20.917;19.731;9.173;15.593;84.407
"Pharmacists";"United States";"California";32702;2261;9120;496;19268;0;0;1417;5041;11570;8111;4289;3691;12648;20054;6.914;27.888;1.517;58.92;0.0;0.0;4.333;15.415;35.38;24.803;13.115;11.287;38.677;61.323
"Pharmacists";"United States";"Florida";21103;3505;11068;2359;3466;0;0;671;3054;7322;4825;3534;2368;9226;11877;16.609;52.448;11.179;16.424;0.0;0.0;3.18;14.472;34.696;22.864;16.746;11.221;43.719;56.281
"Pharmacists";"United States";"Illinois";13938;629;8483;969;3528;0;0;0;2366;3969;3534;2117;1952;5209;8729;4.513;60.862;6.952;25.312;0.0;0.0;0.0;16.975;28.476;25.355;15.189;14.005;37.373;62.627
"Pharmacists";"United States";"New York";21447;760;13356;821;6026;0;0;472;5115;6165;3730;3604;2833;9372;12075;3.544;62.274;3.828;28.097;0.0;0.0;2.201;23.849;28.745;17.392;16.804;13.209;43.698;56.302
"Pharmacists";"United States";"Texas";23407;3355;9365;2905;7196;0;0;552;3869;7326;5362;3659;3191;9496;13911;14.333;40.009;12.411;30.743;0.0;0.0;2.358;16.529;31.298;22.908;15.632;13.633;40.569;59.431
"Pharmacists";"United States";"All States";337058;16414;218414;21978;70781;0;461;8810;61450;104161;75372;54479;41596;138819;198239;4.87;64.8;6.521;21.0;0.0;0.137;2.614;18.231;30.903;22.362;16.163;12.341;41.185;58.815
"Pharmacy Aides";"United States";"Texas";3788;1781;1138;684;0;0;0;0;1517;739;898;276;0;630;3158;47.017;30.042;18.057;0.0;0.0;0.0;0.0;40.048;19.509;23.706;7.286;0.0;16.631;83.369
"Pharmacy Aides";"United States";"All States";37818;7312;18572;5825;4438;0;0;1406;15251;9083;6038;4485;2961;9032;28786;19.335;49.109;15.403;11.735;0.0;0.0;3.718;40.327;24.018;15.966;11.859;7.83;23.883;76.117
"Phlebotomists";"United States";"Florida";8001;2897;2871;1933;0;0;0;0;2370;1627;1839;1509;656;1237;6764;36.208;35.883;24.159;0.0;0.0;0.0;0.0;29.621;20.335;22.985;18.86;8.199;15.461;84.539
"Phlebotomists";"United States";"Massachusetts";3774;821;1911;701;0;0;0;0;813;748;1009;918;0;250;3524;21.754;50.636;18.574;0.0;0.0;0.0;0.0;21.542;19.82;26.736;24.324;0.0;6.624;93.376
"Phlebotomists";"United States";"New Jersey";4199;1405;1223;946;0;0;0;0;1127;1131;1019;508;414;586;3613;33.46;29.126;22.529;0.0;0.0;0.0;0.0;26.84;26.935;24.268;12.098;9.859;13.956;86.044
"Phlebotomists";"United States";"New York";5849;1186;2093;1895;429;0;0;0;1482;1347;1270;1319;431;1033;4816;20.277;35.784;32.399;7.335;0.0;0.0;0.0;25.338;23.03;21.713;22.551;7.369;17.661;82.339
"Phlebotomists";"United States";"Texas";10663;4968;2506;2568;0;0;0;0;3600;2845;1945;1610;663;1858;8805;46.591;23.502;24.083;0.0;0.0;0.0;0.0;33.762;26.681;18.241;15.099;6.218;17.425;82.575
"Phlebotomists";"United States";"All States";123884;23440;60774;27712;6968;0;787;4023;37764;30369;26295;20467;8989;19269;104615;18.921;49.057;22.369;5.625;0.0;0.635;3.247;30.483;24.514;21.226;16.521;7.256;15.554;84.446
"Physical Therapist Assistants & Aides";"United States";"New York";6449;1117;3470;486;1146;0;0;0;2274;1156;1026;1331;0;2491;3958;17.321;53.807;7.536;17.77;0.0;0.0;0.0;35.261;17.925;15.909;20.639;0.0;38.626;61.374
"Physical Therapist Assistants & Aides";"United States";"Texas";8165;2646;4013;857;391;0;0;0;3560;1965;1323;1007;310;2516;5649;32.407;49.149;10.496;4.789;0.0;0.0;0.0;43.601;24.066;16.203;12.333;3.797;30.814;69.186
"Physical Therapist Assistants & Aides";"United States";"All States";113688;13294;83243;6336;7108;0;0;3152;39044;27881;21665;18247;6851;35785;77903;11.693;73.221;5.573;6.252;0.0;0.0;2.773;34.343;24.524;19.057;16.05;6.026;31.476;68.524
"Physical Therapists";"United States";"California";26015;3522;14294;371;6879;0;0;884;3817;7679;6345;4783;3391;10317;15698;13.538;54.945;1.426;26.442;0.0;0.0;3.398;14.672;29.518;24.39;18.386;13.035;39.658;60.342
"Physical Therapists";"United States";"Florida";17361;3144;9850;1433;2072;0;0;0;2084;5026;4987;3725;1539;6201;11160;18.11;56.736;8.254;11.935;0.0;0.0;0.0;12.004;28.95;28.725;21.456;8.865;35.718;64.282
"Physical Therapists";"United States";"New York";20873;1187;13750;836;4520;0;0;523;3409;5879;6236;3545;1804;7930;12943;5.687;65.875;4.005;21.655;0.0;0.0;2.506;16.332;28.166;29.876;16.984;8.643;37.992;62.008
"Physical Therapists";"United States";"Texas";19552;4078;11143;912;2761;0;0;0;3252;6523;4749;3411;1617;7268;12284;20.857;56.992;4.664;14.121;0.0;0.0;0.0;16.633;33.362;24.289;17.446;8.27;37.173;62.827
"Physical Therapists";"United States";"All States";276505;17964;205951;11293;33858;0;526;6614;46178;87502;70396;48787;23642;94651;181854;6.497;74.484;4.084;12.245;0.0;0.19;2.392;16.701;31.646;25.459;17.644;8.55;34.231;65.769
"Physician Assistants";"United States";"Florida";8130;1447;5192;834;0;0;0;0;1163;3387;1909;1055;616;3088;5042;17.798;63.862;10.258;0.0;0.0;0.0;0.0;14.305;41.661;23.481;12.977;7.577;37.983;62.017
"Physician Assistants";"United States";"New York";15204;1621;10149;790;1944;0;0;0;3708;5734;2824;1666;1272;5013;10191;10.662;66.752;5.196;12.786;0.0;0.0;0.0;24.388;37.714;18.574;10.958;8.366;32.972;67.028
"Physician Assistants";"United States";"Texas";9532;2243;5302;702;1079;0;0;0;1586;3647;2109;1473;717;3167;6365;23.531;55.623;7.365;11.32;0.0;0.0;0.0;16.639;38.261;22.125;15.453;7.522;33.225;66.775
"Physician Assistants";"United States";"All States";141417;13548;103693;7487;11667;0;378;4540;29046;54059;30820;17049;10443;47414;94003;9.58;73.324;5.294;8.25;0.0;0.267;3.21;20.539;38.227;21.794;12.056;7.385;33.528;66.472
"Physicians";"United States";"Alabama";11961;858;8974;579;1299;0;0;0;1191;2413;2282;2998;3077;8473;3488;7.173;75.027;4.841;10.86;0.0;0.0;0.0;9.957;20.174;19.079;25.065;25.725;70.839;29.161
"Physicians";"United States";"Arizona";17347;1346;10794;821;3658;0;0;678;976;4023;4674;4005;3669;11407;5940;7.759;62.224;4.733;21.087;0.0;0.0;3.908;5.626;23.191;26.944;23.088;21.151;65.758;34.242
"Physicians";"United States";"California";110826;8121;53734;3703;39531;0;0;5625;6004;29678;26783;22305;26056;66593;44233;7.328;48.485;3.341;35.669;0.0;0.0;5.076;5.418;26.779;24.167;20.126;23.511;60.088;39.912
"Physicians";"United States";"Connecticut";14058;937;9047;867;2836;0;0;348;1778;4115;2614;2617;2934;8052;6006;6.665;64.355;6.167;20.174;0.0;0.0;2.475;12.648;29.272;18.594;18.616;20.871;57.277;42.723
"Physicians";"United States";"District of Columbia";6976;496;3756;1250;1321;0;0;0;1249;2741;1060;945;981;3739;3237;7.11;53.842;17.919;18.936;0.0;0.0;0.0;17.904;39.292;15.195;13.546;14.063;53.598;46.402
"Physicians";"United States";"Florida";61273;13354;32329;3827;9584;0;0;2027;4178;14307;14050;14460;14278;40952;20321;21.794;52.762;6.246;15.641;0.0;0.0;3.308;6.819;23.35;22.93;23.599;23.302;66.835;33.165
"Physicians";"United States";"Georgia";27117;1238;16009;4436;4511;0;0;910;1944;6964;7117;5585;5507;16238;10879;4.565;59.037;16.359;16.635;0.0;0.0;3.356;7.169;25.681;26.246;20.596;20.308;59.881;40.119
"Physicians";"United States";"Illinois";40556;2081;22516;2403;12241;0;0;1267;3586;12595;8201;7652;8522;24320;16236;5.131;55.518;5.925;30.183;0.0;0.0;3.124;8.842;31.056;20.221;18.868;21.013;59.966;40.034
"Physicians";"United States";"Indiana";15649;527;11161;519;2994;0;0;439;842;4436;4268;3350;2753;10590;5059;3.368;71.321;3.317;19.132;0.0;0.0;2.805;5.381;28.347;27.273;21.407;17.592;67.672;32.328
"Physicians";"United States";"Louisiana";11800;936;8022;844;1685;0;0;293;882;3561;2877;1739;2741;8463;3337;7.932;67.983;7.153;14.28;0.0;0.0;2.483;7.475;30.178;24.381;14.737;23.229;71.72;28.28
"Physicians";"United States";"Maryland";22851;1511;12321;2780;5319;0;0;888;1529;5988;5964;4282;5088;12688;10163;6.612;53.919;12.166;23.277;0.0;0.0;3.886;6.691;26.205;26.1;18.739;22.266;55.525;44.475
"Physicians";"United States";"Massachusetts";33125;2052;21994;1175;6905;0;0;999;2244;10426;7213;6408;6834;18340;14785;6.195;66.397;3.547;20.845;0.0;0.0;3.016;6.774;31.475;21.775;19.345;20.631;55.366;44.634
"Physicians";"United States";"Michigan";33879;1437;23441;1198;6449;0;0;1353;3426;9294;6570;7223;7366;20726;13153;4.242;69.19;3.536;19.035;0.0;0.0;3.994;10.112;27.433;19.393;21.32;21.742;61.177;38.823
"Physicians";"United States";"Missouri";17871;701;12229;825;3457;0;0;619;973;5466;3820;4047;3565;12143;5728;3.923;68.429;4.616;19.344;0.0;0.0;3.464;5.445;30.586;21.375;22.646;19.949;67.948;32.052
"Physicians";"United States";"Nevada";6201;443;3410;490;1493;0;0;365;340;1461;1569;1460;1371;4096;2105;7.144;54.991;7.902;24.077;0.0;0.0;5.886;5.483;23.561;25.302;23.545;22.109;66.054;33.946
"Physicians";"United States";"New Jersey";29402;1660;16987;1618;8320;0;0;817;1892;6004;6830;6758;7918;17882;11520;5.646;57.775;5.503;28.297;0.0;0.0;2.779;6.435;20.42;23.23;22.985;26.93;60.819;39.181
"Physicians";"United States";"New York";87943;6895;52447;5003;20424;0;0;2678;8332;24585;17012;18386;19628;50677;37266;7.84;59.637;5.689;23.224;0.0;0.0;3.045;9.474;27.956;19.344;20.907;22.319;57.625;42.375
"Physicians";"United States";"North Carolina";28305;1122;20988;1601;3768;0;0;792;2016;7369;8019;5983;4918;17254;11051;3.964;74.149;5.656;13.312;0.0;0.0;2.798;7.122;26.034;28.331;21.138;17.375;60.957;39.043
"Physicians";"United States";"Ohio";37504;1119;24831;1653;8818;0;0;1023;4588;11395;8207;7102;6212;23830;13674;2.984;66.209;4.408;23.512;0.0;0.0;2.728;12.233;30.383;21.883;18.937;16.564;63.54;36.46
"Physicians";"United States";"Pennsylvania";46623;2273;31689;1728;9796;0;0;1128;4040;14968;10021;8499;9095;28864;17759;4.875;67.969;3.706;21.011;0.0;0.0;2.419;8.665;32.104;21.494;18.229;19.508;61.909;38.091
"Physicians";"United States";"South Carolina";14699;799;10575;1331;1642;0;0;0;974;3976;3210;3652;2887;9872;4827;5.436;71.944;9.055;11.171;0.0;0.0;0.0;6.626;27.049;21.838;24.845;19.641;67.161;32.839
"Physicians";"United States";"Tennessee";19410;686;14403;1739;2076;0;0;448;1226;4717;4425;4185;4857;13024;6386;3.534;74.204;8.959;10.696;0.0;0.0;2.308;6.316;24.302;22.798;21.561;25.023;67.099;32.901
"Physicians";"United States";"Texas";71063;9068;37082;5484;17485;0;0;1758;5174;19878;18993;13383;13635;44296;26767;12.761;52.182;7.717;24.605;0.0;0.0;2.474;7.281;27.972;26.727;18.833;19.187;62.333;37.667
"Physicians";"United States";"Virginia";23222;1113;14702;1711;5150;0;0;546;1707;6055;5761;4557;5142;14283;8939;4.793;63.311;7.368;22.177;0.0;0.0;2.351;7.351;26.074;24.808;19.624;22.143;61.506;38.494
"Physicians";"United States";"Washington";23538;828;15983;478;5190;0;0;1035;1076;7777;5679;4477;4529;13904;9634;3.518;67.903;2.031;22.049;0.0;0.0;4.397;4.571;33.04;24.127;19.02;19.241;59.07;40.93
"Physicians";"United States";"All States";985575;69144;621144;52541;208479;689;1783;31795;71730;272152;230611;202205;208877;612159;373416;7.016;63.024;5.331;21.153;0.07;0.181;3.226;7.278;27.614;23.399;20.516;21.193;62.112;37.888
"Psychologists";"United States";"California";39927;6511;27471;1471;3068;0;0;1367;2685;9758;8233;6939;12312;10954;28973;16.307;68.803;3.684;7.684;0.0;0.0;3.424;6.725;24.44;20.62;17.379;30.836;27.435;72.565
"Psychologists";"United States";"Florida";10108;2470;6578;745;0;0;0;0;568;2518;2138;1916;2968;2645;7463;24.436;65.077;7.37;0.0;0.0;0.0;0.0;5.619;24.911;21.152;18.955;29.363;26.167;73.833
"Psychologists";"United States";"Georgia";5779;457;3849;1276;0;0;0;0;0;1941;1317;778;1388;1831;3948;7.908;66.603;22.08;0.0;0.0;0.0;0.0;0.0;33.587;22.789;13.463;24.018;31.684;68.316
"Psychologists";"United States";"Illinois";9690;685;7675;626;444;0;0;0;950;2504;1931;2017;2288;2353;7337;7.069;79.205;6.46;4.582;0.0;0.0;0.0;9.804;25.841;19.928;20.815;23.612;24.283;75.717
"Psychologists";"United States";"New York";26379;1790;22410;983;801;0;0;395;1828;6598;5670;4486;7797;6763;19616;6.786;84.954;3.726;3.037;0.0;0.0;1.497;6.93;25.012;21.494;17.006;29.558;25.638;74.362
"Psychologists";"United States";"Texas";12355;2196;7825;1887;0;0;0;0;1472;3298;2743;2085;2757;3404;8951;17.774;63.335;15.273;0.0;0.0;0.0;0.0;11.914;26.694;22.202;16.876;22.315;27.552;72.448
"Psychologists";"United States";"All States";236516;21348;185931;14265;7980;0;0;6578;20771;58047;52157;41719;63822;63237;173279;9.026;78.612;6.031;3.374;0.0;0.0;2.781;8.782;24.543;22.052;17.639;26.984;26.737;73.263
"Registered Nurses";"United States";"Alabama";54241;810;40844;10090;726;0;0;1558;11175;12983;13151;10880;6052;5927;48314;1.493;75.301;18.602;1.338;0.0;0.0;2.872;20.602;23.936;24.245;20.059;11.158;10.927;89.073
"Registered Nurses";"United States";"Arizona";61556;10155;41184;3287;4132;0;616;2129;10695;15853;14362;11833;8813;8099;53457;16.497;66.905;5.34;6.713;0.0;1.001;3.459;17.374;25.754;23.332;19.223;14.317;13.157;86.843
"Registered Nurses";"United States";"Arkansas";34481;1205;27815;3723;628;0;0;1026;6085;9968;7982;6724;3722;4181;30300;3.495;80.668;10.797;1.821;0.0;0.0;2.976;17.647;28.909;23.149;19.501;10.794;12.126;87.874
"Registered Nurses";"United States";"California";331844;53529;130821;22253;111636;856;558;12191;42892;92652;83934;66027;46339;55377;276467;16.131;39.422;6.706;33.641;0.258;0.168;3.674;12.925;27.92;25.293;19.897;13.964;16.688;83.312
"Registered Nurses";"United States";"Colorado";55816;6213;43951;1451;2161;0;0;1981;9170;16502;12795;9764;7585;6052;49764;11.131;78.743;2.6;3.872;0.0;0.0;3.549;16.429;29.565;22.924;17.493;13.589;10.843;89.157
"Registered Nurses";"United States";"Connecticut";37634;2761;27875;3642;2256;0;0;1046;5249;7627;8947;9438;6373;3566;34068;7.336;74.069;9.677;5.995;0.0;0.0;2.779;13.947;20.266;23.774;25.078;16.934;9.475;90.525
"Registered Nurses";"United States";"Delaware";12006;487;8591;2072;403;0;0;0;1811;2758;2881;2896;1660;993;11013;4.056;71.556;17.258;3.357;0.0;0.0;0.0;15.084;22.972;23.996;24.121;13.826;8.271;91.729
"Registered Nurses";"United States";"District of Columbia";11146;496;3472;5743;1158;0;0;0;2012;3068;2189;2152;1725;1364;9782;4.45;31.15;51.525;10.389;0.0;0.0;0.0;18.051;27.526;19.639;19.307;15.476;12.238;87.762
"Registered Nurses";"United States";"Florida";224125;40633;121984;38807;14901;0;0;7421;33816;53580;53790;48894;34045;31244;192881;18.13;54.427;17.315;6.649;0.0;0.0;3.311;15.088;23.906;24.0;21.816;15.19;13.94;86.06
"Registered Nurses";"United States";"Georgia";97183;3678;59064;27522;4293;0;0;2352;16134;22105;25882;20709;12353;8753;88430;3.785;60.776;28.32;4.417;0.0;0.0;2.42;16.602;22.746;26.632;21.309;12.711;9.007;90.993
"Registered Nurses";"United States";"Illinois";136764;10614;91003;12901;18940;0;0;3245;24210;34270;31058;26816;20410;13756;123008;7.761;66.54;9.433;13.849;0.0;0.0;2.373;17.702;25.058;22.709;19.607;14.924;10.058;89.942
"Registered Nurses";"United States";"Indiana";78695;2234;67323;5748;1568;0;0;1672;14048;20731;17064;16830;10022;6429;72266;2.839;85.549;7.304;1.993;0.0;0.0;2.125;17.851;26.343;21.684;21.386;12.735;8.17;91.83
"Registered Nurses";"United States";"Iowa";36639;1072;33665;539;768;0;0;0;6043;9240;7981;8629;4746;2293;34346;2.926;91.883;1.471;2.096;0.0;0.0;0.0;16.493;25.219;21.783;23.551;12.953;6.258;93.742
"Registered Nurses";"United States";"Kansas";36218;1763;31249;1275;868;0;0;915;6966;10317;8069;6621;4245;3374;32844;4.868;86.28;3.52;2.397;0.0;0.0;2.526;19.234;28.486;22.279;18.281;11.721;9.316;90.684
"Registered Nurses";"United States";"Kentucky";47570;616;43131;2231;511;0;0;1033;9527;12671;10102;9740;5530;4545;43025;1.295;90.668;4.69;1.074;0.0;0.0;2.172;20.027;26.637;21.236;20.475;11.625;9.554;90.446
"Registered Nurses";"United States";"Louisiana";50904;1521;35466;11727;844;0;0;1210;9201;14046;11603;10508;5546;6236;44668;2.988;69.672;23.037;1.658;0.0;0.0;2.377;18.075;27.593;22.794;20.643;10.895;12.251;87.749
"Registered Nurses";"United States";"Maryland";62976;2635;34163;19562;4990;0;0;1572;10293;15042;14451;12627;10563;6503;56473;4.184;54.248;31.063;7.924;0.0;0.0;2.496;16.344;23.885;22.947;20.05;16.773;10.326;89.674
"Registered Nurses";"United States";"Massachusetts";89841;3706;70832;8881;3682;0;0;2715;14845;19963;17874;20656;16503;8796;81045;4.125;78.842;9.885;4.098;0.0;0.0;3.022;16.524;22.22;19.895;22.992;18.369;9.791;90.209
"Registered Nurses";"United States";"Michigan";103524;2762;84901;8254;4799;0;215;2560;16245;25121;23890;22933;15335;11469;92055;2.668;82.011;7.973;4.636;0.0;0.208;2.473;15.692;24.266;23.077;22.152;14.813;11.079;88.921
"Registered Nurses";"United States";"Minnesota";72593;965;61807;4773;2844;0;0;2066;13577;21266;16981;12000;8769;7639;64954;1.329;85.142;6.575;3.918;0.0;0.0;2.846;18.703;29.295;23.392;16.531;12.08;10.523;89.477
"Registered Nurses";"United States";"Missouri";72030;1669;61510;5510;1505;0;0;1552;13827;19230;14835;14201;9937;6767;65263;2.317;85.395;7.65;2.089;0.0;0.0;2.155;19.196;26.697;20.596;19.715;13.796;9.395;90.605
"Registered Nurses";"United States";"Nevada";25350;2468;12376;1516;7820;0;0;928;4615;7277;5336;4576;3546;4141;21209;9.736;48.821;5.98;30.848;0.0;0.0;3.661;18.205;28.706;21.049;18.051;13.988;16.335;83.665
"Registered Nurses";"United States";"New Jersey";84582;6770;49228;12602;13763;0;0;2157;13246;17325;17121;21041;15849;9013;75569;8.004;58.202;14.899;16.272;0.0;0.0;2.55;15.661;20.483;20.242;24.876;18.738;10.656;89.344
"Registered Nurses";"United States";"New Mexico";18452;5858;10008;515;926;0;742;403;2711;4717;3512;4419;3093;2358;16094;31.747;54.238;2.791;5.018;0.0;4.021;2.184;14.692;25.564;19.033;23.949;16.762;12.779;87.221
"Registered Nurses";"United States";"New York";212541;17061;118954;40085;30553;0;250;5537;34568;48391;45613;48372;35597;27878;184663;8.027;55.968;18.86;14.375;0.0;0.118;2.605;16.264;22.768;21.461;22.759;16.748;13.117;86.883
"Registered Nurses";"United States";"North Carolina";107198;3122;79239;17965;3426;0;804;2601;18598;24932;26345;23841;13482;10423;96775;2.912;73.918;16.759;3.196;0.0;0.75;2.426;17.349;23.258;24.576;22.24;12.577;9.723;90.277
"Registered Nurses";"United States";"Ohio";147040;3281;126005;11185;2566;0;0;3847;27256;37302;33469;30801;18212;15220;131820;2.231;85.694;7.607;1.745;0.0;0.0;2.616;18.536;25.369;22.762;20.947;12.386;10.351;89.649
"Registered Nurses";"United States";"Oklahoma";37128;1040;27014;2101;1604;0;2611;2758;6250;10094;9983;6137;4664;4193;32935;2.801;72.759;5.659;4.32;0.0;7.032;7.428;16.834;27.187;26.888;16.529;12.562;11.293;88.707
"Registered Nurses";"United States";"Oregon";40161;2300;33136;516;1826;0;0;2104;5407;12098;9242;7255;6159;5467;34694;5.727;82.508;1.285;4.547;0.0;0.0;5.239;13.463;30.124;23.012;18.065;15.336;13.613;86.387
"Registered Nurses";"United States";"Pennsylvania";151906;4760;128021;10331;5253;0;0;3372;26666;37092;32033;32298;23817;15746;136160;3.134;84.276;6.801;3.458;0.0;0.0;2.22;17.554;24.418;21.087;21.262;15.679;10.366;89.634
"Registered Nurses";"United States";"South Carolina";50700;1412;38668;8730;984;0;0;774;8736;13279;11313;11395;5977;3908;46792;2.785;76.268;17.219;1.941;0.0;0.0;1.527;17.231;26.191;22.314;22.475;11.789;7.708;92.292
"Registered Nurses";"United States";"Tennessee";77537;1305;64393;8885;1401;0;0;1528;16539;18491;18043;14852;9612;9050;68487;1.683;83.048;11.459;1.807;0.0;0.0;1.971;21.33;23.848;23.27;19.155;12.397;11.672;88.328
"Registered Nurses";"United States";"Texas";261112;56724;128420;39050;30290;0;432;6006;47005;73774;63482;47338;29513;36763;224349;21.724;49.182;14.955;11.6;0.0;0.165;2.3;18.002;28.254;24.312;18.129;11.303;14.079;85.921
"Registered Nurses";"United States";"Virginia";78966;4055;53041;13557;5600;0;0;2558;12911;21296;16602;16799;11358;7906;71060;5.135;67.169;17.168;7.092;0.0;0.0;3.239;16.35;26.969;21.024;21.274;14.383;10.012;89.988
"Registered Nurses";"United States";"Washington";68609;2935;50658;3527;8407;0;203;2753;10875;18385;15844;13468;10037;8709;59900;4.278;73.836;5.141;12.253;0.0;0.296;4.013;15.851;26.797;23.093;19.63;14.629;12.694;87.306
"Registered Nurses";"United States";"Wisconsin";68599;2517;59554;3056;2025;0;0;1193;11685;18714;14632;14325;9243;4575;64024;3.669;86.815;4.455;2.952;0.0;0.0;1.739;17.034;27.28;21.33;20.882;13.474;6.669;93.331
"Registered Nurses";"United States";"All States";3371141;273582;2292862;386165;310714;2984;10536;94298;566921;862551;776716;692750;472203;394796;2976345;8.115;68.014;11.455;9.217;0.089;0.313;2.797;16.817;25.586;23.04;20.549;14.007;11.711;88.289
